Overview Manage contacts  Add contacts  Signup forms Preferences center Settings  Inbox Surveys Toggle ColumnsExport As CSV1 – 100 of 488Filter by TagsView SegmentNew SegmentEmail AddressFirst NameLast NameTagsEmail MarketingSourceContact RatingDate AddedLast Changedbilly@cyprusbar.comSubscribedList Import from Copy/Pasted File1/25/17 2:57PM1/28/17 3:54PMmarla@babettescafe.comUnsubscribedList Import from Copy/Pasted File1/21/16 1:12PM1/27/17 3:56PMinfo@thestoutbrothers.comUnsubscribedList Import from Copy/Pasted File2/18/16 11:49AM1/26/17 10:38AMbyron@thestoutbrothers.comUnsubscribedList Import from Copy/Pasted File1/21/16 1:12PM1/26/17 10:38AMsteven@thestoutbrothers.comUnsubscribedList Import from Copy/Pasted File1/21/16 1:12PM1/26/17 10:37AManand@halfmoonoutfitters.comCleanedList Import from Copy/Pasted File1/25/17 2:57PM1/25/17 4:10PMshantel@toogroovy.netCleanedList Import from Copy/Pasted File2/18/16 11:49AM1/25/17 4:10PMlauren@adamsrealtors.comUnsubscribedList Import from Copy/Pasted File1/21/16 1:12PM1/25/17 3:45PMmerickson@fifthgroup.comCleanedList Import from Copy/Pasted File1/21/16 1:12PM1/25/17 3:42PMbrandonwilson@hopcitybeer.comCleanedList Import from Copy/Pasted File2/18/16 11:49AM1/25/17 3:42PMtaylor@genkiatl.comSubscribedList Import from Copy/Pasted File1/21/16 1:12PM1/25/17 3:40PMGreg@daddydzatl.comSubscribedList Import from Copy/Pasted File1/21/16 1:12PM1/25/17 3:40PMinfo@hharperstation.comCleanedList Import from Copy/Pasted File1/21/16 1:12PM1/25/17 3:40PMdawnmarie@kevinrathbunsteak.comSubscribedList Import from Copy/Pasted File1/21/16 1:12PM1/25/17 3:40PMjaredholt@mytakorea.comCleanedList Import from Copy/Pasted File2/18/16 11:49AM1/25/17 3:40PMgeorge@southcapitolpartners.comGeorgeBridgesSubscribedAdmin Add1/22/16 9:52AM1/25/17 3:40PMkayla@greenbox-worldwide.comSubscribedList Import from Copy/Pasted File1/21/16 1:12PM1/25/17 3:40PMjerry@hharperstation.comCleanedList Import from Copy/Pasted File1/21/16 1:12PM1/25/17 3:40PMnathan@symposiumwinesatl.comSubscribedList Import from Copy/Pasted File2/18/16 11:49AM1/25/17 3:40PMnicolette@parisonponce.comCleanedList Import from Copy/Pasted File1/21/16 1:12PM1/25/17 3:40PMboris@unclemaddios.comCleanedList Import from Copy/Pasted File1/21/16 1:12PM1/25/17 3:40PMlizzie@redbeardrestaurants.comCleanedList Import from Copy/Pasted File1/27/16 4:51PM1/25/17 3:40PMlmills@aderholdproperties.netCleanedList Import from Copy/Pasted File1/25/17 2:57PM1/25/17 3:40PMcoolhair@gontc.comCleanedList Import from Copy/Pasted File1/21/16 1:12PM1/25/17 3:40PMjordanb@venkmans.comCleanedAdmin Add2/10/16 11:06AM1/25/17 3:40PMstevenson@wreckingbarbrewpub.combSubscribedList Import from Copy/Pasted File1/21/16 1:12PM1/25/17 3:40PMsshackelford@pacesproperties.comCleanedList Import from Copy/Pasted File1/21/16 1:12PM1/25/17 3:40PMharveyb@tinlizziescantina.comSubscribedList Import from Copy/Pasted File1/21/16 1:12PM1/25/17 3:40PMtom@rathbunsrestaurant.comSubscribedList Import from Copy/Pasted File2/18/16 11:49AM1/25/17 3:40PMclinton@murphysvh.comCleanedList Import from Copy/Pasted File1/21/16 1:12PM1/25/17 3:40PMdmatyniak@firstcommunities.comCleanedList Import from Copy/Pasted File1/21/16 1:12PM1/25/17 3:40PMjwaters@metrocafes.comCleanedList Import from Copy/Pasted File1/21/16 1:12PM1/25/17 3:40PMinfo@parisonponce.comCleanedList Import from Copy/Pasted File1/21/16 1:12PM1/25/17 3:40PMjeremy@theluminary.comCleanedList Import from Copy/Pasted File1/21/16 1:12PM1/25/17 3:40PMleasing@boho4w.comSubscribedList Import from Copy/Pasted File1/21/16 1:12PM1/25/17 3:40PMscorbin@perennialproperties.netCleanedList Import from Copy/Pasted File1/25/17 2:57PM1/25/17 3:40PMrobert.tussey@h2sr.comSubscribedList Import from Copy/Pasted File1/21/16 1:12PM1/25/17 3:40PMhilary.yarbrough@batdorf.comCleanedList Import from Copy/Pasted File1/21/16 1:12PM1/25/17 3:40PMjennifer@murphysvh.comCleanedList Import from Copy/Pasted File1/27/16 4:51PM1/25/17 3:40PMalexis@murphysvh.comCleanedList Import from Copy/Pasted File1/21/16 1:12PM1/25/17 3:40PMbernard@lastwordatl.comSubscribedList Import from Copy/Pasted File1/21/16 1:12PM1/25/17 3:40PMrussvann@gmail.comSubscribedList Import from Copy/Pasted File1/21/16 1:12PM1/25/17 2:57PMbob@wreckingbarbrewpub.comSubscribedList Import from Copy/Pasted File1/21/16 1:12PM1/25/17 2:57PMclay@cacaoatlanta.comSubscribedList Import from Copy/Pasted File2/18/16 11:49AM1/25/17 2:57PMsobpublicity@gmail.comSubscribedList Import from Copy/Pasted File1/21/16 1:12PM1/25/17 2:57PMmanager.atlanta@tenthousandvillages.comSubscribedList Import from Copy/Pasted File1/21/16 1:12PM1/25/17 2:57PMinfo@themerchantatl.comSubscribedList Import from Copy/Pasted File1/21/16 1:12PM1/25/17 2:57PMurbancottage@bellsouth.netSubscribedList Import from Copy/Pasted File1/21/16 1:12PM1/25/17 2:57PMkristine@wreckingbarbrewpub.comSubscribedList Import from Copy/Pasted File1/21/16 1:12PM1/25/17 2:57PMjdejonc@Gmail.comSubscribedList Import from Copy/Pasted File2/18/16 11:49AM1/25/17 2:57PMyanira.herrera@monogramres.comSubscribedList Import from Copy/Pasted File1/21/16 1:12PM1/25/17 2:57PMjudi@newtricks.meSubscribedList Import from Copy/Pasted File1/21/16 1:12PM1/25/17 2:57PMdrew@themercuryatl.comDrewSmith(The Mercury at PCM)SubscribedAdmin Add1/22/16 12:30PM1/25/17 2:57PMahmeenohn@gmail.comSubscribedList Import from Copy/Pasted File1/21/16 1:12PM1/25/17 2:57PMmari@thebeehiveatl.comSubscribedList Import from Copy/Pasted File1/21/16 1:12PM1/25/17 2:57PMinfo@theshavebarber.comSubscribedList Import from Copy/Pasted File1/21/16 1:12PM1/25/17 2:57PMChristian@variety-playhouse.comSubscribedList Import from Copy/Pasted File1/21/16 1:12PM1/25/17 2:57PMschuyler@theshavebarber.comSubscribedList Import from Copy/Pasted File1/27/16 4:51PM1/25/17 2:57PMkurt@southeastsucculents.comSubscribedList Import from Copy/Pasted File1/21/16 1:12PM1/25/17 2:57PMkeirsta.zimmerman@me.comSubscribedList Import from Copy/Pasted File1/21/16 1:12PM1/25/17 2:57PMchris@theshedatglenwood.comSubscribedList Import from Copy/Pasted File1/21/16 1:12PM1/25/17 2:57PMvariety@mindspring.comSubscribedList Import from Copy/Pasted File1/21/16 1:12PM1/25/17 2:57PMkelly@yeahburger.comSubscribedList Import from Copy/Pasted File1/21/16 1:12PM1/25/17 2:57PMstevenson@wreckingbarbrewpub.comSubscribedList Import from Copy/Pasted File1/27/16 4:51PM1/25/17 2:57PMcaline@cacaoatlanta.comSubscribedList Import from Copy/Pasted File1/21/16 1:12PM1/25/17 2:57PMjimmy@stantonhomefurnishings.comSubscribedList Import from Copy/Pasted File1/25/17 2:57PM1/25/17 2:57PMcarolyn@thegreatframeup.comSubscribedList Import from Copy/Pasted File1/21/16 1:12PM1/25/17 2:57PMcshera@theshedatglenwood.comSubscribedList Import from Copy/Pasted File1/21/16 1:12PM1/25/17 2:57PMbrad@variety-playhouse.comSubscribedList Import from Copy/Pasted File1/21/16 1:12PM1/25/17 2:57PMinfo@youngbloodboutique.comSubscribedList Import from Copy/Pasted File1/21/16 1:12PM1/25/17 2:57PMbobsandage@yahoo.comSubscribedList Import from Copy/Pasted File1/27/16 4:51PM1/25/17 2:57PMcindy@symposiumwinesatl.comSubscribedList Import from Copy/Pasted File2/18/16 11:49AM1/25/17 2:57PMKristen@cacaoatlanta.comSubscribedList Import from Copy/Pasted File1/21/16 1:12PM1/25/17 2:57PMkahle.davis@gmail.comSubscribedList Import from Copy/Pasted File1/21/16 1:12PM1/25/17 2:57PMinfo@thehighlandinn.comSubscribedList Import from Copy/Pasted File1/21/16 1:12PM1/25/17 2:57PMvideodrome@gmail.comSubscribedList Import from Copy/Pasted File1/21/16 1:12PM1/25/17 2:57PMjessiewhite05@gmail.comSubscribedList Import from Copy/Pasted File1/21/16 1:12PM1/25/17 2:57PMdscottduke@gmail.comSubscribedList Import from Copy/Pasted File2/18/16 11:49AM1/25/17 2:57PMstonesoupkitchen@gmail.comSubscribedList Import from Copy/Pasted File1/21/16 1:12PM1/25/17 2:57PMkanderson@thehighlandinn.comSubscribedList Import from Copy/Pasted File1/21/16 1:12PM1/25/17 2:57PMblairaholden@gmail.comSubscribedList Import from Copy/Pasted File1/21/16 1:12PM1/25/17 2:57PMzibasbistro@gmail.comSubscribedList Import from Copy/Pasted File1/21/16 1:12PM1/25/17 2:57PMsarah.thealbert@gmail.comSubscribedList Import from Copy/Pasted File2/18/16 11:49AM1/25/17 2:57PMlisa.hanson@brewingnews.comSubscribedList Import from Copy/Pasted File2/18/16 11:49AM1/25/17 2:57PMhello@themerchantatl.comSubscribedList Import from Copy/Pasted File1/25/17 2:57PM1/25/17 2:57PMrandy@folkartrestaurant.comSubscribedList Import from Copy/Pasted File1/21/16 1:12PM1/25/17 2:57PMstratosphere@gmail.comSubscribedList Import from Copy/Pasted File1/21/16 1:12PM1/25/17 2:57PMkristi@thewarrencityclub.comSubscribedList Import from Copy/Pasted File1/21/16 1:12PM1/25/17 2:57PMmikeking862@gmail.comSubscribedList Import from Copy/Pasted File1/21/16 1:12PM1/25/17 2:57PMkmorrison@richardsandoval.comSubscribedList Import from Copy/Pasted File1/21/16 1:12PM1/25/17 2:57PMinfo.thealbert@gmail.comSubscribedList Import from Copy/Pasted File2/18/16 11:49AM1/25/17 2:57PMdavidfarnum@toogroovy.netSubscribedList Import from Copy/Pasted File1/25/17 2:57PM1/25/17 2:57PMtstratosphere@gmail.comSubscribedList Import from Copy/Pasted File1/21/16 1:12PM1/25/17 2:57PMSmoke@leafcigar.comSubscribedList Import from Copy/Pasted File1/21/16 1:12PM1/25/17 2:57PMwaterfordpiedmontcm@greystar.comSubscribedList Import from Copy/Pasted File1/21/16 1:12PM1/25/17 2:57PMchrisclabo@gmail.comSubscribedList Import from Copy/Pasted File1/21/16 1:12PM1/25/17 2:57PM2getfitzumba@gmail.comSubscribedList Import from Copy/Pasted File1/21/16 1:12PM1/25/17 2:57PMmaxdelgado@sprouts.comSubscribedList Import from Copy/Pasted File1/27/16 4:51PM1/25/17 2:57PMjuliakaya@gmail.comSubscribedList Import from Copy/Pasted File2/18/16 11:49AM1/25/17 2:57PMcacao@cacaoatlanta.comSubscribedLi
101 – 200 of 488 Filter by TagsView SegmentNew SegmentEmail AddressFirst NameLast NameTagsEmail MarketingSourceContact RatingDate AddedLast Changed
sugmagbb@gmail.comSubscribedList Import from Copy/Pasted File1/21/16 1:12PM1/25/17 2:57PMmanager@theleonardatl.comMorganReevesSubscribedList Import from Copy/Pasted File1/21/16 1:12PM1/25/17 2:57PMharry@waxnfacts.comSubscribedList Import from Copy/Pasted File1/21/16 1:12PM1/25/17 2:57PMDawn@toogroovy.netSubscribedList Import from Copy/Pasted File2/18/16 11:49AM1/25/17 2:57PMkcurtis@suzukischool.comSubscribedList Import from Copy/Pasted File1/21/16 1:12PM1/25/17 2:57PMsarah@littletartatl.comSubscribedList Import from Copy/Pasted File1/21/16 1:12PM1/25/17 2:57PMgallery@whitespace814.comSubscribedList Import from Copy/Pasted File1/21/16 1:12PM1/25/17 2:57PMppjoiner@att.netSubscribedList Import from Copy/Pasted File1/21/16 1:12PM1/25/17 2:57PMeli@theluminaryatl.comSubscribedList Import from Copy/Pasted File1/21/16 1:12PM1/25/17 2:57PMthouck@mindspring.comSubscribedList Import from Copy/Pasted File1/21/16 1:12PM1/25/17 2:57PMmanager@westinmanwmp.comSubscribedList Import from Copy/Pasted File1/21/16 1:12PM1/25/17 2:57PMRad@urbanbodyfitness.comRadSloughSubscribedAdmin Add1/22/16 9:52AM1/25/17 2:57PMstillwateryogaatlanta@gmail.comSubscribedAdmin Add2/27/16 8:24AM1/25/17 2:57PMmiriam@sweetgrassspa.comSubscribedList Import from Copy/Pasted File1/21/16 1:12PM1/25/17 2:57PMboutique@twelveatlanta.netSubscribedList Import from Copy/Pasted File1/21/16 1:12PM1/25/17 2:57PMStephencalsbeek@wholedogmarket.comStephenCalsbeekSubscribedList Import from Copy/Pasted File1/21/16 1:12PM1/25/17 2:57PMstephen@torchedhopbrewing.comSubscribedList Import from Copy/Pasted File2/18/16 11:49AM1/25/17 2:57PMinfo@swimmerman.comSubscribedList Import from Copy/Pasted File1/21/16 1:12PM1/25/17 2:57PMjim.mcmahel@mcjenko.netSubscribedList Import from Copy/Pasted File1/21/16 1:12PM1/25/17 2:57PMmatt@woodyscheesesteaks.comSubscribedList Import from Copy/Pasted File1/21/16 1:12PM1/25/17 2:57PMchris@torchedhopbrewing.comSubscribedList Import from Copy/Pasted File2/18/16 11:49AM1/25/17 2:57PMcontact@tavernaplakaatlanta.comSubscribedList Import from Copy/Pasted File1/21/16 1:12PM1/25/17 2:57PMchris.jenko@mcjenko.netSubscribedList Import from Copy/Pasted File1/21/16 1:12PM1/25/17 2:57PMharris@worthmorejewelers.comSubscribedList Import from Copy/Pasted File1/21/16 1:12PM1/25/17 2:57PMfabriciojmoraes@gmail.comSubscribedList Import from Copy/Pasted File1/21/16 1:12PM1/25/17 2:57PMsalonmodello@gmail.comSubscribedList Import from Copy/Pasted File1/21/16 1:12PM1/25/17 2:57PMnolenreevesmusic@mindspring.comSubscribedList Import from Copy/Pasted File1/21/16 1:12PM1/25/17 2:57PMkdonnelly@nandinahome.comSubscribedList Import from Copy/Pasted File2/18/16 11:49AM1/25/17 2:57PMadrian@rrealtacos.comSubscribedList Import from Copy/Pasted File2/18/16 11:49AM1/25/17 2:57PMbwright@intownrenovations.comSubscribedList Import from Copy/Pasted File1/25/17 2:57PM1/25/17 2:57PMnick@kingofpops.netSubscribedList Import from Copy/Pasted File1/21/16 1:12PM1/25/17 2:57PMjackie@lastwordatl.comSubscribedList Import from Copy/Pasted File1/21/16 1:12PM1/25/17 2:57PMbrianmaloof@yahoo.comSubscribedList Import from Copy/Pasted File1/21/16 1:12PM1/25/17 2:57PMtsneed@millcreekplaces.comSubscribedList Import from Copy/Pasted File1/21/16 1:12PM1/25/17 2:57PMmatt@nonisdeli.comSubscribedList Import from Copy/Pasted File1/21/16 1:12PM1/25/17 2:57PMmguptil@comcast.netSubscribedList Import from Copy/Pasted File1/21/16 1:12PM1/25/17 2:57PMsfcoffee@bellsouth.netSubscribedList Import from Copy/Pasted File1/21/16 1:12PM1/25/17 2:57PMpsychomck42@gmail.comSubscribedList Import from Copy/Pasted File2/18/16 11:49AM1/25/17 2:57PMlemaisonrougeatlanta@gmail.comParis on PonceSubscribedAdmin Add1/23/17 2:09PM1/25/17 2:57PMmegan.cornertavern@gmail.comSubscribedList Import from Copy/Pasted File1/25/17 2:57PM1/25/17 2:57PMellen@intownpilatesatlanta.comSubscribedList Import from Copy/Pasted File1/21/16 1:12PM1/25/17 2:57PMsteven@kingofpops.netSubscribedList Import from Copy/Pasted File1/21/16 1:12PM1/25/17 2:57PMtiffanyjdavis@gmail.comSubscribedList Import from Copy/Pasted File1/21/16 1:12PM1/25/17 2:57PMmanager@mariposawmp.comSubscribedList Import from Copy/Pasted File1/21/16 1:12PM1/25/17 2:57PMaturem@perennialproperties.netSubscribedList Import from Copy/Pasted File1/21/16 1:12PM1/25/17 2:57PMsam@novawealth.netSubscribedList Import from Copy/Pasted File1/21/16 1:12PM1/25/17 2:57PMinfo@pinkskyboutique.comSubscribedList Import from Copy/Pasted File1/21/16 1:12PM1/25/17 2:57PMcoxe@comcast.netSubscribedList Import from Copy/Pasted File1/21/16 1:12PM1/25/17 2:57PMcliff@rathbunsrestaurant.comSubscribedList Import from Copy/Pasted File1/27/16 4:51PM1/25/17 2:57PMparkgrounds@gmail.comSubscribedList Import from Copy/Pasted File1/25/17 2:57PM1/25/17 2:57PMdniess@allstate.comSubscribedList Import from Copy/Pasted File1/21/16 1:12PM1/25/17 2:57PMsbagby@highlandwoodworking.comSubscribedList Import from Copy/Pasted File1/21/16 1:12PM1/25/17 2:57PMivyhall@firstcommunities.netSubscribedList Import from Copy/Pasted File1/21/16 1:12PM1/25/17 2:57PMmatt@kingofpops.netSubscribedList Import from Copy/Pasted File1/21/16 1:12PM1/25/17 2:57PMlilashopper@gmail.comSubscribedList Import from Copy/Pasted File1/21/16 1:12PM1/25/17 2:57PMchris.harrington@morningsideatlanta.orgSubscribedList Import from Copy/Pasted File1/21/16 1:12PM1/25/17 2:57PMandrew@octanecoffee.comSubscribedList Import from Copy/Pasted File1/21/16 1:12PM1/25/17 2:57PMcaren@carenwestpr.comSubscribedList Import from Copy/Pasted File1/21/16 1:12PM1/25/17 2:57PMnstultz@lpsi.comSubscribedList Import from Copy/Pasted File1/21/16 1:12PM1/25/17 2:57PMdanny@smallcarpenters.comSubscribedList Import from Copy/Pasted File2/18/16 11:49AM1/25/17 2:57PMMei@honeybubbletea.comSubscribedList Import from Copy/Pasted File1/21/16 1:12PM1/25/17 2:57PMsteve@javavino.comSubscribedList Import from Copy/Pasted File1/21/16 1:12PM1/25/17 2:57PMjosh@limerickjunction.comSubscribedList Import from Copy/Pasted File1/21/16 1:12PM1/25/17 2:57PMbrittany@marymacs.comSubscribedList Import from Copy/Pasted File1/21/16 1:12PM1/25/17 2:57PMTabor.martin.mho@gmail.comSubscribedList Import from Copy/Pasted File1/21/16 1:12PM1/25/17 2:57PMdirector@o4wba.comSubscribedList Import from Copy/Pasted File1/21/16 1:12PM1/25/17 2:57PMAnnaMarissa.Fetz@jamestownlp.comSubscribedList Import from Copy/Pasted File1/21/16 1:12PM1/25/17 2:57PMljacobs@savoryspiceshop.comSubscribedList Import from Copy/Pasted File1/21/16 1:12PM1/25/17 2:57PMtwilson@perennialproperties.netSubscribedList Import from Copy/Pasted File1/25/17 2:57PM1/25/17 2:57PMdoug@honeybubbletea.comSubscribedList Import from Copy/Pasted File1/21/16 1:12PM1/25/17 2:57PMjoseph@athomewithjoseph.comSubscribedList Import from Copy/Pasted File1/21/16 1:12PM1/25/17 2:57PMgordon@blindwilliesblues.comSubscribedList Import from Copy/Pasted File1/21/16 1:12PM1/25/17 2:57PMgreg@masqueradeatlanta.comSubscribedList Import from Copy/Pasted File1/21/16 1:12PM1/25/17 2:57PMchris@murphysvh.comSubscribedList Import from Copy/Pasted File1/21/16 1:12PM1/25/17 2:57PMinfo@onetwelvegallery.comSubscribedList Import from Copy/Pasted File1/21/16 1:12PM1/25/17 2:57PMpoorbarjames@gmail.comSubscribedList Import from Copy/Pasted File1/21/16 1:12PM1/25/17 2:57PMjjanakus@savoryspiceshop.comSubscribedList Import from Copy/Pasted File1/21/16 1:12PM1/25/17 2:57PMminaholliday@hopcitybeer.comSubscribedList Import from Copy/Pasted File1/21/16 1:12PM1/25/17 2:57PMplayer1@joystickgamebar.comSubscribedList Import from Copy/Pasted File1/21/16 1:12PM1/25/17 2:57PMtara@360media.netSubscribedList Import from Copy/Pasted File1/21/16 1:12PM1/25/17 2:57PMmrcornertavern@gmail.comSubscribedList Import from Copy/Pasted File1/21/16 1:12PM1/25/17 2:57PMMediGrillatl@Gmail.comSubscribedList Import from Copy/Pasted File1/21/16 1:12PM1/25/17 2:57PMoutbackbikes@aol.comSubscribedList Import from Copy/Pasted File1/21/16 1:12PM1/25/17 2:57PMpregnancymassagecenter@gmail.comSubscribedList Import from Copy/Pasted File1/21/16 1:12PM1/25/17 2:57PMsharlise@sevananda.coopSubscribedList Import from Copy/Pasted File1/21/16 1:12PM1/25/17 2:57PMdbetancourt@aderholdproperties.netSubscribedList Import from Copy/Pasted File1/25/17 2:57PM1/25/17 2:57PMkraig@hopcitybeer.comSubscribedList Import from Copy/Pasted File1/21/16 1:12PM1/25/17 2:57PMjason@judithbright.comSubscribedList Import from Copy/Pasted File1/21/16 1:12PM1/25/17 2:57PMlily.heimburger@srsre.comSubscribedList Import from Copy/Pasted File1/21/16 1:12PM1/25/17 2:57PMmezcalitoscocina@gmail.comSubscribedList Import from Copy/Pasted File1/21/16 1:12PM1/25/17 2:57PMsales@gelatosupply.comSubscribedList Import from Copy/Pasted File1/21/16 1:12PM1/25/17 2:57PMpsychomckagan@gmail.comSubscribedList Import from Copy/Pasted File1/21/16 1:12PM1/25/17 2:57PMholly@sevananda.coopSubscribedList Import from Copy/Pasted File1/21/16 1:12PM1/25/17 2:57PMemalkin@perennialproperties.netSubscribedList Import from Copy/Pasted File2/18/16 11:49AM1/25/17 2:57PMmarketing@horizontheatre.comSubscribedList Import from Copy/Pasted File1/21/16 1:12PM1/25/17 2:57PMjudithbright@me.comSubscribedList Import from Copy/Pasted File1/21/16 1:12PM1/25/17 2:57PMgbanks@pacesproperties.comSubscribedList Import from Copy/Pasted File1/21/16 1:12PM1/25/17 2:57PMsothy.thorng@gmail.comSubscribedList Import from Copy/Pasted File1/21/16 1:12PM1/25/17 2:57PMinfo@mfsushiatlanta.comSubscribedList Import from Copy/Pasted File1/21/16 1:12PM1/25/17 2:57PMhunter@myfriendsgrowlershop.comSubscribedList Import from Copy/Pasted File

phone:  850-366-8708mobile:  404-673-4402email:  Tomdemp@gmail.comaddress:  Atlanta, GA USA
billy@cyprusbar.com
Subscribed	List Import from Copy/Pasted File	
1/25/17 2:57PM	1/28/17 3:54PM
 
marla@babettescafe.com
Unsubscribed	List Import from Copy/Pasted File	
1/21/16 1:12PM	1/27/17 3:56PM
 
info@thestoutbrothers.com
Unsubscribed	List Import from Copy/Pasted File	
2/18/16 11:49AM	1/26/17 10:38AM
 
byron@thestoutbrothers.com
Unsubscribed	List Import from Copy/Pasted File	
1/21/16 1:12PM	1/26/17 10:38AM
 
steven@thestoutbrothers.com
Unsubscribed	List Import from Copy/Pasted File	
1/21/16 1:12PM	1/26/17 10:37AM
 
anand@halfmoonoutfitters.com
Cleaned	List Import from Copy/Pasted File	
1/25/17 2:57PM	1/25/17 4:10PM
 
shantel@toogroovy.net
Cleaned	List Import from Copy/Pasted File	
2/18/16 11:49AM	1/25/17 4:10PM
 
lauren@adamsrealtors.com
Unsubscribed	List Import from Copy/Pasted File	
1/21/16 1:12PM	1/25/17 3:45PM
 
merickson@fifthgroup.com
Cleaned	List Import from Copy/Pasted File	
1/21/16 1:12PM	1/25/17 3:42PM
 
brandonwilson@hopcitybeer.com
Cleaned	List Import from Copy/Pasted File	
2/18/16 11:49AM	1/25/17 3:42PM
 
taylor@genkiatl.com
Subscribed	List Import from Copy/Pasted File	
1/21/16 1:12PM	1/25/17 3:40PM
 
Greg@daddydzatl.com
Subscribed	List Import from Copy/Pasted File	
1/21/16 1:12PM	1/25/17 3:40PM
 
info@hharperstation.com
Cleaned	List Import from Copy/Pasted File	
1/21/16 1:12PM	1/25/17 3:40PM
 
dawnmarie@kevinrathbunsteak.com
Subscribed	List Import from Copy/Pasted File	
1/21/16 1:12PM	1/25/17 3:40PM
 
jaredholt@mytakorea.com
Cleaned	List Import from Copy/Pasted File	
2/18/16 11:49AM	1/25/17 3:40PM
 
george@southcapitolpartners.com
George	Bridges		Subscribed	Admin Add	
1/22/16 9:52AM	1/25/17 3:40PM
 
kayla@greenbox-worldwide.com
Subscribed	List Import from Copy/Pasted File	
1/21/16 1:12PM	1/25/17 3:40PM
 
jerry@hharperstation.com
Cleaned	List Import from Copy/Pasted File	
1/21/16 1:12PM	1/25/17 3:40PM
 
nathan@symposiumwinesatl.com
Subscribed	List Import from Copy/Pasted File	
2/18/16 11:49AM	1/25/17 3:40PM
 
nicolette@parisonponce.com
Cleaned	List Import from Copy/Pasted File	
1/21/16 1:12PM	1/25/17 3:40PM
 
boris@unclemaddios.com
Cleaned	List Import from Copy/Pasted File	
1/21/16 1:12PM	1/25/17 3:40PM
 
lizzie@redbeardrestaurants.com
Cleaned	List Import from Copy/Pasted File	
1/27/16 4:51PM	1/25/17 3:40PM
 
lmills@aderholdproperties.net
Cleaned	List Import from Copy/Pasted File	
1/25/17 2:57PM	1/25/17 3:40PM
 
coolhair@gontc.com
Cleaned	List Import from Copy/Pasted File	
1/21/16 1:12PM	1/25/17 3:40PM
 
jordanb@venkmans.com
Cleaned	Admin Add	
2/10/16 11:06AM	1/25/17 3:40PM
 
stevenson@wreckingbarbrewpub.comb
Subscribed	List Import from Copy/Pasted File	
1/21/16 1:12PM	1/25/17 3:40PM
 
sshackelford@pacesproperties.com
Cleaned	List Import from Copy/Pasted File	
1/21/16 1:12PM	1/25/17 3:40PM
 
harveyb@tinlizziescantina.com
Subscribed	List Import from Copy/Pasted File	
1/21/16 1:12PM	1/25/17 3:40PM
 
tom@rathbunsrestaurant.com
Subscribed	List Import from Copy/Pasted File	
2/18/16 11:49AM	1/25/17 3:40PM
 
clinton@murphysvh.com
Cleaned	List Import from Copy/Pasted File	
1/21/16 1:12PM	1/25/17 3:40PM
 
dmatyniak@firstcommunities.com
Cleaned	List Import from Copy/Pasted File	
1/21/16 1:12PM	1/25/17 3:40PM
 
jwaters@metrocafes.com
Cleaned	List Import from Copy/Pasted File	
1/21/16 1:12PM	1/25/17 3:40PM
 
info@parisonponce.com
Cleaned	List Import from Copy/Pasted File	
1/21/16 1:12PM	1/25/17 3:40PM
 
jeremy@theluminary.com
Cleaned	List Import from Copy/Pasted File	
1/21/16 1:12PM	1/25/17 3:40PM
 
leasing@boho4w.com
Subscribed	List Import from Copy/Pasted File	
1/21/16 1:12PM	1/25/17 3:40PM
 
scorbin@perennialproperties.net
Cleaned	List Import from Copy/Pasted File	
1/25/17 2:57PM	1/25/17 3:40PM
 
robert.tussey@h2sr.com
Subscribed	List Import from Copy/Pasted File	
1/21/16 1:12PM	1/25/17 3:40PM
 
hilary.yarbrough@batdorf.com
Cleaned	List Import from Copy/Pasted File	
1/21/16 1:12PM	1/25/17 3:40PM
 
jennifer@murphysvh.com
Cleaned	List Import from Copy/Pasted File	
1/27/16 4:51PM	1/25/17 3:40PM
 
alexis@murphysvh.com
Cleaned	List Import from Copy/Pasted File	
1/21/16 1:12PM	1/25/17 3:40PM
 
bernard@lastwordatl.com
Subscribed	List Import from Copy/Pasted File	
1/21/16 1:12PM	1/25/17 3:40PM
 
russvann@gmail.com
Subscribed	List Import from Copy/Pasted File	
1/21/16 1:12PM	1/25/17 2:57PM
 
bob@wreckingbarbrewpub.com
Subscribed	List Import from Copy/Pasted File	
1/21/16 1:12PM	1/25/17 2:57PM
 
clay@cacaoatlanta.com
Subscribed	List Import from Copy/Pasted File	
2/18/16 11:49AM	1/25/17 2:57PM
 
sobpublicity@gmail.com
Subscribed	List Import from Copy/Pasted File	
1/21/16 1:12PM	1/25/17 2:57PM
 
manager.atlanta@tenthousandvillages.com
Subscribed	List Import from Copy/Pasted File	
1/21/16 1:12PM	1/25/17 2:57PM
 
info@themerchantatl.com
Subscribed	List Import from Copy/Pasted File	
1/21/16 1:12PM	1/25/17 2:57PM
 
urbancottage@bellsouth.net
Subscribed	List Import from Copy/Pasted File	
1/21/16 1:12PM	1/25/17 2:57PM
 
kristine@wreckingbarbrewpub.com
Subscribed	List Import from Copy/Pasted File	
1/21/16 1:12PM	1/25/17 2:57PM
 
jdejonc@Gmail.com
Subscribed	List Import from Copy/Pasted File	
2/18/16 11:49AM	1/25/17 2:57PM
 
yanira.herrera@monogramres.com
Subscribed	List Import from Copy/Pasted File	
1/21/16 1:12PM	1/25/17 2:57PM
 
judi@newtricks.me
Subscribed	List Import from Copy/Pasted File	
1/21/16 1:12PM	1/25/17 2:57PM
 
drew@themercuryatl.com
Drew	Smith(The Mercury at PCM)		Subscribed	Admin Add	
1/22/16 12:30PM	1/25/17 2:57PM
 
ahmeenohn@gmail.com
Subscribed	List Import from Copy/Pasted File	
1/21/16 1:12PM	1/25/17 2:57PM
 
mari@thebeehiveatl.com
Subscribed	List Import from Copy/Pasted File	
1/21/16 1:12PM	1/25/17 2:57PM
 
info@theshavebarber.com
Subscribed	List Import from Copy/Pasted File	
1/21/16 1:12PM	1/25/17 2:57PM
 
Christian@variety-playhouse.com
Subscribed	List Import from Copy/Pasted File	
1/21/16 1:12PM	1/25/17 2:57PM
 
schuyler@theshavebarber.com
Subscribed	List Import from Copy/Pasted File	
1/27/16 4:51PM	1/25/17 2:57PM
 
kurt@southeastsucculents.com
Subscribed	List Import from Copy/Pasted File	
1/21/16 1:12PM	1/25/17 2:57PM
 
keirsta.zimmerman@me.com
Subscribed	List Import from Copy/Pasted File	
1/21/16 1:12PM	1/25/17 2:57PM
 
chris@theshedatglenwood.com
Subscribed	List Import from Copy/Pasted File	
1/21/16 1:12PM	1/25/17 2:57PM
 
variety@mindspring.com
Subscribed	List Import from Copy/Pasted File	
1/21/16 1:12PM	1/25/17 2:57PM
 
kelly@yeahburger.com
Subscribed	List Import from Copy/Pasted File	
1/21/16 1:12PM	1/25/17 2:57PM
 
stevenson@wreckingbarbrewpub.com
Subscribed	List Import from Copy/Pasted File	
1/27/16 4:51PM	1/25/17 2:57PM
 
caline@cacaoatlanta.com
Subscribed	List Import from Copy/Pasted File	
1/21/16 1:12PM	1/25/17 2:57PM
 
jimmy@stantonhomefurnishings.com
Subscribed	List Import from Copy/Pasted File	
1/25/17 2:57PM	1/25/17 2:57PM
 
carolyn@thegreatframeup.com
Subscribed	List Import from Copy/Pasted File	
1/21/16 1:12PM	1/25/17 2:57PM
 
cshera@theshedatglenwood.com
Subscribed	List Import from Copy/Pasted File	
1/21/16 1:12PM	1/25/17 2:57PM
 
brad@variety-playhouse.com
Subscribed	List Import from Copy/Pasted File	
1/21/16 1:12PM	1/25/17 2:57PM
 
info@youngbloodboutique.com
Subscribed	List Import from Copy/Pasted File	
1/21/16 1:12PM	1/25/17 2:57PM
 
bobsandage@yahoo.com
Subscribed	List Import from Copy/Pasted File	
1/27/16 4:51PM	1/25/17 2:57PM
 
cindy@symposiumwinesatl.com
Subscribed	List Import from Copy/Pasted File	
2/18/16 11:49AM	1/25/17 2:57PM
 
Kristen@cacaoatlanta.com
Subscribed	List Import from Copy/Pasted File	
1/21/16 1:12PM	1/25/17 2:57PM
 
kahle.davis@gmail.com
Subscribed	List Import from Copy/Pasted File	
1/21/16 1:12PM	1/25/17 2:57PM
 
info@thehighlandinn.com
Subscribed	List Import from Copy/Pasted File	
1/21/16 1:12PM	1/25/17 2:57PM
 
videodrome@gmail.com
Subscribed	List Import from Copy/Pasted File	
1/21/16 1:12PM	1/25/17 2:57PM
 
jessiewhite05@gmail.com
Subscribed	List Import from Copy/Pasted File	
1/21/16 1:12PM	1/25/17 2:57PM
 
dscottduke@gmail.com
Subscribed	List Import from Copy/Pasted File	
2/18/16 11:49AM	1/25/17 2:57PM
 
stonesoupkitchen@gmail.com
Subscribed	List Import from Copy/Pasted File	
1/21/16 1:12PM	1/25/17 2:57PM
 
kanderson@thehighlandinn.com
Subscribed	List Import from Copy/Pasted File	
1/21/16 1:12PM	1/25/17 2:57PM
 
blairaholden@gmail.com
Subscribed	List Import from Copy/Pasted File	
1/21/16 1:12PM	1/25/17 2:57PM
 
zibasbistro@gmail.com
Subscribed	List Import from Copy/Pasted File	
1/21/16 1:12PM	1/25/17 2:57PM
 
sarah.thealbert@gmail.com
Subscribed	List Import from Copy/Pasted File	
2/18/16 11:49AM	1/25/17 2:57PM
 
lisa.hanson@brewingnews.com
Subscribed	List Import from Copy/Pasted File	
2/18/16 11:49AM	1/25/17 2:57PM
 
hello@themerchantatl.com
Subscribed	List Import from Copy/Pasted File	
1/25/17 2:57PM	1/25/17 2:57PM
 
randy@folkartrestaurant.com
Subscribed	List Import from Copy/Pasted File	
1/21/16 1:12PM	1/25/17 2:57PM
 
stratosphere@gmail.com
Subscribed	List Import from Copy/Pasted File	
1/21/16 1:12PM	1/25/17 2:57PM
 
kristi@thewarrencityclub.com
Subscribed	List Import from Copy/Pasted File	
1/21/16 1:12PM	1/25/17 2:57PM
 
mikeking862@gmail.com
Subscribed	List Import from Copy/Pasted File	
1/21/16 1:12PM	1/25/17 2:57PM
 
kmorrison@richardsandoval.com
Subscribed	List Import from Copy/Pasted File	
1/21/16 1:12PM	1/25/17 2:57PM
 
info.thealbert@gmail.com
Subscribed	List Import from Copy/Pasted File	
2/18/16 11:49AM	1/25/17 2:57PM
 
davidfarnum@toogroovy.net
Subscribed	List Import from Copy/Pasted File	
1/25/17 2:57PM	1/25/17 2:57PM
 
tstratosphere@gmail.com
Subscribed	List Import from Copy/Pasted File	
1/21/16 1:12PM	1/25/17 2:57PM
 
Smoke@leafcigar.com
Subscribed	List Import from Copy/Pasted File	
1/21/16 1:12PM	1/25/17 2:57PM
 
waterfordpiedmontcm@greystar.com
Subscribed	List Import from Copy/Pasted File	
1/21/16 1:12PM	1/25/17 2:57PM
 
chrisclabo@gmail.com
Subscribed	List Import from Copy/Pasted File	
1/21/16 1:12PM	1/25/17 2:57PM
 
2getfitzumba@gmail.com
Subscribed	List Import from Copy/Pasted File	
1/21/16 1:12PM	1/25/17 2:57PM
 
maxdelgado@sprouts.com
Subscribed	List Import from Copy/Pasted File	
1/27/16 4:51PM	1/25/17 2:57PM
 
juliakaya@gmail.com
Subscribed	List Import from Copy/Pasted File	
2/18/16 11:49AM	1/25/17 2:57PM
 
cacao@cacaoatlanta.com
Subscribed	List Import from Copy/Pasted File	
1/25/17 2:57PM	1/25/17 2:57PM
View  

nce has 442 contacts. 426 of these are subscribers.
Overview
 Manage contacts  Add contacts  
Signup forms
 
Preferences center
 Settings  
Inbox
 
Surveys
 
 
201 – 300 of 488 
 
 
New Segment
Email Address	First Name	Last Name	Tags	Email Marketing	Source	Contact Rating	Date Added	Last Changed
 
development@horizontheatre.com
Subscribed	List Import from Copy/Pasted File	
1/21/16 1:12PM	1/25/17 2:57PM
 
leslie@judithbright.com
Subscribed	List Import from Copy/Pasted File	
1/21/16 1:12PM	1/25/17 2:57PM
 
binitavijay@ikumon.com
Subscribed	List Import from Copy/Pasted File	
1/21/16 1:12PM	1/25/17 2:57PM
 
little5pointspkg@gmail.com
Subscribed	List Import from Copy/Pasted File	
1/21/16 1:12PM	1/25/17 2:57PM
 
t0265@landmarktheatres.com
Subscribed	List Import from Copy/Pasted File	
1/21/16 1:12PM	1/25/17 2:57PM
 
info@thebrandinggarden.com
Subscribed	List Import from Copy/Pasted File	
1/21/16 1:12PM	1/25/17 2:57PM
 
angiemac111@yahoo.com
Subscribed	List Import from Copy/Pasted File	
1/21/16 1:12PM	1/25/17 2:57PM
 
pauljones@hopcitybeer.com
Subscribed	List Import from Copy/Pasted File	
2/18/16 11:49AM	1/25/17 2:57PM
 
business@horizontheatre.com
Subscribed	List Import from Copy/Pasted File	
1/21/16 1:12PM	1/25/17 2:57PM
 
juliannascc@gmail.com
Subscribed	List Import from Copy/Pasted File	
1/21/16 1:12PM	1/25/17 2:57PM
 
L5Pira@aol.com
Subscribed	List Import from Copy/Pasted File	
1/21/16 1:12PM	1/25/17 2:57PM
 
mike@midtownbowl.com
Subscribed	List Import from Copy/Pasted File	
1/21/16 1:12PM	1/25/17 2:57PM
 
atl_manager@paper-source.com
Subscribed	List Import from Copy/Pasted File	
1/21/16 1:12PM	1/25/17 2:57PM
 
inmanpark@purebarre.com
Subscribed	List Import from Copy/Pasted File	
1/21/16 1:12PM	1/25/17 2:57PM
 
emanuel.inmandrygoods@gmail.com
Subscribed	List Import from Copy/Pasted File	
1/21/16 1:12PM	1/25/17 2:57PM
 
best@atlantacrepes.com
Subscribed	List Import from Copy/Pasted File	
1/21/16 1:12PM	1/25/17 2:57PM
 
L5Pizza@comcast.net
Subscribed	List Import from Copy/Pasted File	
1/21/16 1:12PM	1/25/17 2:57PM
 
bojones36@yahoo.com
Subscribed	List Import from Copy/Pasted File	
1/21/16 1:12PM	1/25/17 2:57PM
 
jishmael@nandinahome.com
Subscribed	List Import from Copy/Pasted File	
1/21/16 1:12PM	1/25/17 2:57PM
 
sokkim1@hotmail.com
Subscribed	List Import from Copy/Pasted File	
1/21/16 1:12PM	1/25/17 2:57PM
 
charles@7stages.org
Subscribed	List Import from Copy/Pasted File	
1/21/16 1:12PM	1/25/17 2:57PM
 
seansharvest@gmail.com
Sean	Germain		Subscribed	Admin Add	
1/22/16 9:51AM	1/25/17 2:57PM
 
teresam.hall@hotmail.com
Subscribed	List Import from Copy/Pasted File	
2/4/16 12:35PM	1/25/17 2:57PM
 
santi.inmandrygoods@gmail.com
Subscribed	List Import from Copy/Pasted File	
2/18/16 11:49AM	1/25/17 2:57PM
 
toni@highlandpet.com
Subscribed	List Import from Copy/Pasted File	
1/21/16 1:12PM	1/25/17 2:57PM
 
laurasaunders@bellsouth.net
Subscribed	List Import from Copy/Pasted File	
1/21/16 1:12PM	1/25/17 2:57PM
 
brad@littlesfoodstore.com
Subscribed	List Import from Copy/Pasted File	
1/21/16 1:12PM	1/25/17 2:57PM
 
megan@internationalpreschools.com
Megan	Pickering		Subscribed	List Import from Copy/Pasted File	
1/21/16 1:12PM	1/25/17 2:57PM
 
celia.tully@naturalbody.com
Subscribed	List Import from Copy/Pasted File	
1/21/16 1:12PM	1/25/17 2:57PM
 
sabbott07@att.net
Subscribed	List Import from Copy/Pasted File	
1/21/16 1:12PM	1/25/17 2:57PM
 
kimberlyannsingh@gmail.com
Subscribed	List Import from Copy/Pasted File	
2/4/16 12:35PM	1/25/17 2:57PM
 
cliff@kevinrathbunsteak.com
Subscribed	List Import from Copy/Pasted File	
2/18/16 11:49AM	1/25/17 2:57PM
 
highlandrowantiques@yahoo.com
Subscribed	List Import from Copy/Pasted File	
1/21/16 1:12PM	1/25/17 2:57PM
 
conniem@kw.com
Subscribed	List Import from Copy/Pasted File	
1/21/16 1:12PM	1/25/17 2:57PM
 
michael@ladybirdatlanta.com
Subscribed	List Import from Copy/Pasted File	
1/21/16 1:12PM	1/25/17 2:57PM
 
glocaluna@gmail.com
Subscribed	List Import from Copy/Pasted File	
1/21/16 1:12PM	1/25/17 2:57PM
 
melissa@internationalpreschools.com
Melissa	Kramer		Subscribed	List Import from Copy/Pasted File	
1/21/16 1:12PM	1/25/17 2:57PM
 
scott@ncr-inc.com
Subscribed	List Import from Copy/Pasted File	
1/21/16 1:12PM	1/25/17 2:57PM
 
megan@therepublicsocialhouse.com
Subscribed	List Import from Copy/Pasted File	
1/21/16 1:12PM	1/25/17 2:57PM
 
hellomimicut@mac.com
Subscribed	List Import from Copy/Pasted File	
1/21/16 1:12PM	1/25/17 2:57PM
 
nourabboushi@yahoo.com
Subscribed	List Import from Copy/Pasted File	
2/4/16 12:35PM	1/25/17 2:57PM
 
raj@krogbar.com
Subscribed	List Import from Copy/Pasted File	
2/18/16 11:49AM	1/25/17 2:57PM
 
contact@highlandrunners.com
Subscribed	List Import from Copy/Pasted File	
1/21/16 1:12PM	1/25/17 2:57PM
 
doug@kevinrathbunsteak.com
Subscribed	List Import from Copy/Pasted File	
1/21/16 1:12PM	1/25/17 2:57PM
 
info@ladybirdatlanta.com
Subscribed	List Import from Copy/Pasted File	
1/21/16 1:12PM	1/25/17 2:57PM
 
leocarrasco19@yahoo.com
Subscribed	List Import from Copy/Pasted File	
1/21/16 1:12PM	1/25/17 2:57PM
 
jenniferrosemcclellan@yahoo.com
Subscribed	List Import from Copy/Pasted File	
1/21/16 1:12PM	1/25/17 2:57PM
 
nickmpage1982@yahoo.com
Subscribed	List Import from Copy/Pasted File	
1/21/16 1:12PM	1/25/17 2:57PM
 
TDLOSAW@PERENNIALPROPERTIES.NET
Subscribed	List Import from Copy/Pasted File	
1/21/16 1:12PM	1/25/17 2:57PM
 
mail@rhensnesttoyshop.com
Subscribed	List Import from Copy/Pasted File	
1/21/16 1:12PM	1/25/17 2:57PM
 
mitchell@metrofreshatl.com
Mitchell	Anderson		Subscribed	Admin Add	
1/22/16 9:53AM	1/25/17 2:57PM
 
moss@thejunkmansdaughter.com
Moss	Mills		Subscribed	Admin Add	
1/23/17 2:06PM	1/25/17 2:57PM
 
meka_grier@ymail.com
Subscribed	List Import from Copy/Pasted File	
1/21/16 1:12PM	1/25/17 2:57PM
 
ldevenie@gmail.com
Subscribed	List Import from Copy/Pasted File	
1/21/16 1:12PM	1/25/17 2:57PM
 
getfresh@lottafrutta.com
Subscribed	List Import from Copy/Pasted File	
1/21/16 1:12PM	1/25/17 2:57PM
 
ninosatlanta@gmail.com
Subscribed	List Import from Copy/Pasted File	
1/21/16 1:12PM	1/25/17 2:57PM
 
barondjordan@gmail.com
Subscribed	List Import from Copy/Pasted File	
1/21/16 1:12PM	1/25/17 2:57PM
 
Boss@riasbluebird.com
Subscribed	List Import from Copy/Pasted File	
1/21/16 1:12PM	1/25/17 2:57PM
 
stanleybanfield@gmail.com
Subscribed	List Import from Copy/Pasted File	
2/18/16 11:49AM	1/25/17 2:57PM
 
eayoung@perennialproperties.net
Subscribed	List Import from Copy/Pasted File	
1/21/16 1:12PM	1/25/17 2:57PM
 
deanleeper@kindezi.org
Subscribed	List Import from Copy/Pasted File	
1/21/16 1:12PM	1/25/17 2:57PM
 
Tasso@majesticdiner.com
Subscribed	List Import from Copy/Pasted File	
1/21/16 1:12PM	1/25/17 2:57PM
 
moderamorningside@millcreekplaces.com
Subscribed	List Import from Copy/Pasted File	
1/21/16 1:12PM	1/25/17 2:57PM
 
billseay@bellsouth.net
Subscribed	List Import from Copy/Pasted File	
1/21/16 1:12PM	1/25/17 2:57PM
 
Keith@filegenius.com
Subscribed	List Import from Copy/Pasted File	
1/21/16 1:12PM	1/25/17 2:57PM
 
mygrayni@gmail.com
Subscribed	List Import from Copy/Pasted File	
2/18/16 11:49AM	1/25/17 2:57PM
 
tjoseph@cororealty.com
Subscribed	List Import from Copy/Pasted File	
1/25/17 2:57PM	1/25/17 2:57PM
 
khollis@integral-online.com
Subscribed	List Import from Copy/Pasted File	
1/21/16 1:12PM	1/25/17 2:57PM
 
info@barkatl.com
Subscribed	List Import from Copy/Pasted File	
1/21/16 1:12PM	1/25/17 2:57PM
 
wbergner@thebac.net
Subscribed	List Import from Copy/Pasted File	
1/21/16 1:12PM	1/25/17 2:57PM
 
highlands@cortexsalon.com
Subscribed	List Import from Copy/Pasted File	
1/21/16 1:12PM	1/25/17 2:57PM
 
clintbarrow@gmail.com
Subscribed	List Import from Copy/Pasted File	
1/21/16 1:12PM	1/25/17 2:57PM
 
ktaylor@atkinspark.com
Subscribed	List Import from Copy/Pasted File	
1/21/16 1:12PM	1/25/17 2:57PM
 
Brooksk@barkinghoundvillage.com
Subscribed	List Import from Copy/Pasted File	
1/21/16 1:12PM	1/25/17 2:57PM
 
kharicain@gmail.com
Subscribed	List Import from Copy/Pasted File	
1/21/16 1:12PM	1/25/17 2:57PM
 
carrollstreetcafe@gmail.com
Subscribed	List Import from Copy/Pasted File	
1/21/16 1:12PM	1/25/17 2:57PM
 
dressup@costumes-etc.com
Subscribed	List Import from Copy/Pasted File	
1/21/16 1:12PM	1/25/17 2:57PM
 
dwilson@dhpc.org
Subscribed	List Import from Copy/Pasted File	
1/21/16 1:12PM	1/25/17 2:57PM
 
kcloues@gmail.com
Subscribed	List Import from Copy/Pasted File	
1/21/16 1:12PM	1/25/17 2:57PM
 
randal@atlantaintown.com
Randal	Lautzenheiser (Atlanta Intown Realty)		Subscribed	Admin Add	
1/22/16 11:59AM	1/25/17 2:57PM
 
krice@shopvinoteca.com
Subscribed	List Import from Copy/Pasted File	
2/18/16 11:49AM	1/25/17 2:57PM
 
sspoon@atkinspark.com
Subscribed	List Import from Copy/Pasted File	
1/21/16 1:12PM	1/25/17 2:57PM
 
atlantabeautymaven@gmail.com
Subscribed	List Import from Copy/Pasted File	
1/21/16 1:12PM	1/25/17 2:57PM
 
mananacain@gmail.com
Subscribed	List Import from Copy/Pasted File	
1/21/16 1:12PM	1/25/17 2:57PM
 
susaru@gmail.com
Subscribed	List Import from Copy/Pasted File	
1/21/16 1:12PM	1/25/17 2:57PM
 
4gcbbq@gmail.com
Subscribed	List Import from Copy/Pasted File	
1/21/16 1:12PM	1/25/17 2:57PM
 
najackson@camdenliving.com
Subscribed	List Import from Copy/Pasted File	
2/18/16 11:49AM	1/25/17 2:57PM
 
jdehn@barteca.com
Subscribed	List Import from Copy/Pasted File	
2/18/16 11:49AM	1/25/17 2:57PM
 
Gcason@integral-online.com
Geoffrey	Cason		Subscribed	Admin Add	
1/23/17 2:10PM	1/25/17 2:57PM
 
karla@treesatlanta.org
Subscribed	List Import from Copy/Pasted File	
1/21/16 1:12PM	1/25/17 2:57PM
 
bennettsmarket@gmail.com
Subscribed	List Import from Copy/Pasted File	
1/21/16 1:12PM	1/25/17 2:57PM
 
rebeccaanderson34@gmail.com
Subscribed	List Import from Copy/Pasted File	
1/21/16 1:12PM	1/25/17 2:57PM
 
info@chateauanimalia.com
Subscribed	List Import from Copy/Pasted File	
1/21/16 1:12PM	1/25/17 2:57PM
 
david@coyotetrading.com
Subscribed	List Import from Copy/Pasted File	
1/21/16 1:12PM	1/25/17 2:57PM
 
ensomgr@lincolnapts.com
Subscribed	List Import from Copy/Pasted File	
1/21/16 1:12PM	1/25/17 2:57PM
 
atlanta@halfmoonoutfitters.com
Subscribed	List Import from Copy/Pasted File	
1/21/16 1:12PM	1/25/17 2:57PM
 
jon@dadsgarage.com
Subscribed	List Import from Copy/Pasted File	
2/18/16 11:49AM	1/25/17 2:57PM
 
eli@treesatlanta.org
Subscribed	List Import from Copy/Pasted File	
1/21/16 1:12PM	1/25/17 2:57PM
 
bentohut@gmail.com
Subscribed	List Import from Copy/Pasted File	
1/21/16 1:12PM	1/25/17 2:57PM
 
devanieclayandglass@gmail.com
Subscribed	List Import from Copy/Pasted File	
1/21/16 1:12PM	1/25/17 2:57PM
View  

301 – 400 of 488 
 
 
New Segment
Email Address	First Name	Last Name	Tags	Email Marketing	Source	Contact Rating	Date Added	Last Changed
 
chateauanimalia.james@gmail.com
Subscribed	List Import from Copy/Pasted File	
1/21/16 1:12PM	1/25/17 2:57PM
 
eric@criminalATL.com
Subscribed	List Import from Copy/Pasted File	
1/21/16 1:12PM	1/25/17 2:57PM
 
eyeetc@bellsouth.net
Subscribed	List Import from Copy/Pasted File	
1/21/16 1:12PM	1/25/17 2:57PM
 
katherine@halfmoonoutfitters.com
Subscribed	List Import from Copy/Pasted File	
1/21/16 1:12PM	1/25/17 2:57PM
 
xavier.cuellar@gmail.com
Subscribed	List Import from Copy/Pasted File	
2/18/16 11:49AM	1/25/17 2:57PM
 
blocklofts@carterhaston.com
Subscribed	List Import from Copy/Pasted File	
2/18/16 11:49AM	1/25/17 2:57PM
 
eboniatcamelis@gmail.com
Subscribed	List Import from Copy/Pasted File	
1/25/17 2:57PM	1/25/17 2:57PM
 
joe@treesatlanta.org
Subscribed	List Import from Copy/Pasted File	
1/21/16 1:12PM	1/25/17 2:57PM
 
sficarra@betancourtcommunities.com
Subscribed	List Import from Copy/Pasted File	
1/21/16 1:12PM	1/25/17 2:57PM
 
jennifer@cityissue.com
Subscribed	List Import from Copy/Pasted File	
1/21/16 1:12PM	1/25/17 2:57PM
 
fatmatts@comcast.net
Subscribed	List Import from Copy/Pasted File	
1/21/16 1:12PM	1/25/17 2:57PM
 
tyler@genkiatl.com
Subscribed	List Import from Copy/Pasted File	
1/21/16 1:12PM	1/25/17 2:57PM
 
haroldsatlanta@yahoo.com
Subscribed	List Import from Copy/Pasted File	
1/21/16 1:12PM	1/25/17 2:57PM
 
info@framedglenwood.com
Subscribed	List Import from Copy/Pasted File	
2/18/16 11:49AM	1/25/17 2:57PM
 
info@bluemensclinic.com
Subscribed	List Import from Copy/Pasted File	
2/18/16 11:49AM	1/25/17 2:57PM
 
dlerner@ascentcpa.com
Subscribed	List Import from Copy/Pasted File	
1/25/17 2:57PM	1/25/17 2:57PM
 
atlcupcakes@yahoo.com
Subscribed	List Import from Copy/Pasted File	
1/21/16 1:12PM	1/25/17 2:57PM
 
cbrooks@bgstaffing.com
Subscribed	List Import from Copy/Pasted File	
1/21/16 1:12PM	1/25/17 2:57PM
 
matt@dbabarbecue.com
Subscribed	List Import from Copy/Pasted File	
1/21/16 1:12PM	1/25/17 2:57PM
 
contact@shopfigandflower.com
Subscribed	List Import from Copy/Pasted File	
1/21/16 1:12PM	1/25/17 2:57PM
 
ggnajour@yahoo.com
Subscribed	List Import from Copy/Pasted File	
1/21/16 1:12PM	1/25/17 2:57PM
 
fmarcone@healthsourcechiro.com
Subscribed	List Import from Copy/Pasted File	
1/21/16 1:12PM	1/25/17 2:57PM
 
vtart@gables.com
Subscribed	List Import from Copy/Pasted File	
2/18/16 11:49AM	1/25/17 2:57PM
 
archambeau.rachel@gmail.com
Subscribed	List Import from Copy/Pasted File	
2/18/16 11:49AM	1/25/17 2:57PM
 
n2891@hotmail.com
Subscribed	List Import from Copy/Pasted File	
1/25/17 2:57PM	1/25/17 2:57PM
 
jamfahey8@gmail.com
Subscribed	List Import from Copy/Pasted File	
1/21/16 1:12PM	1/25/17 2:57PM
 
robyn@biketoursatl.com
Subscribed	List Import from Copy/Pasted File	
1/21/16 1:12PM	1/25/17 2:57PM
 
bea@calliesbiscuits.com
Subscribed	List Import from Copy/Pasted File	
1/21/16 1:12PM	1/25/17 2:57PM
 
greg_ansley@yahoo.com
Subscribed	List Import from Copy/Pasted File	
1/21/16 1:12PM	1/25/17 2:57PM
 
flatsatpcmmgr@greystar.com
Subscribed	List Import from Copy/Pasted File	
1/21/16 1:12PM	1/25/17 2:57PM
 
geosein@yahoo.com
Subscribed	List Import from Copy/Pasted File	
1/21/16 1:12PM	1/25/17 2:57PM
 
patrick@patrickstewart.com
Subscribed	List Import from Copy/Pasted File	
1/27/16 4:51PM	1/25/17 2:57PM
 
mrod@atlantisrestaurantatl.com
Subscribed	List Import from Copy/Pasted File	
1/25/17 2:57PM	1/25/17 2:57PM
 
poncepark@amli.com
Subscribed	List Import from Copy/Pasted File	
1/21/16 1:12PM	1/25/17 2:57PM
 
mike@atlprobikes.com
Subscribed	List Import from Copy/Pasted File	
1/21/16 1:12PM	1/25/17 2:57PM
 
bh@billhallman.com
Subscribed	List Import from Copy/Pasted File	
1/21/16 1:12PM	1/25/17 2:57PM
 
info@thecollectiveatl.com
Subscribed	List Import from Copy/Pasted File	
1/21/16 1:12PM	1/25/17 2:57PM
 
conzyac@gmail.com
Subscribed	List Import from Copy/Pasted File	
1/21/16 1:12PM	1/25/17 2:57PM
 
atlanta@gigisplayhouse.org
Subscribed	List Import from Copy/Pasted File	
1/21/16 1:12PM	1/25/17 2:57PM
 
stacey@highlandbakery.com
Subscribed	List Import from Copy/Pasted File	
1/21/16 1:12PM	1/25/17 2:57PM
 
joncanales2@gmail.com
Subscribed	List Import from Copy/Pasted File	
1/27/16 4:51PM	1/25/17 2:57PM
 
stephen@cobbler-union.com
Subscribed	List Import from Copy/Pasted File	
2/18/16 11:49AM	1/25/17 2:57PM
 
norman@buckheadcollision.com
Subscribed	List Import from Copy/Pasted File	
1/25/17 2:57PM	1/25/17 2:57PM
 
hanhmytg@yahoo.com
Subscribed	List Import from Copy/Pasted File	
1/21/16 1:12PM	1/25/17 2:57PM
 
gbcatl.paul@gmail.com
Subscribed	List Import from Copy/Pasted File	
1/21/16 1:12PM	1/25/17 2:57PM
 
howard@bindersart.com
Subscribed	List Import from Copy/Pasted File	
1/21/16 1:12PM	1/25/17 2:57PM
 
bmiddleton@camdenliving.com
Subscribed	List Import from Copy/Pasted File	
1/21/16 1:12PM	1/25/17 2:57PM
 
jeff@commonsplanning.org
Subscribed	List Import from Copy/Pasted File	
1/21/16 1:12PM	1/25/17 2:57PM
 
terri@dakotajs.net
Subscribed	List Import from Copy/Pasted File	
1/21/16 1:12PM	1/25/17 2:57PM
 
askew2000@14west.com
Subscribed	List Import from Copy/Pasted File	
1/21/16 1:12PM	1/25/17 2:57PM
 
pieking77@aol.com
Subscribed	List Import from Copy/Pasted File	
1/21/16 1:12PM	1/25/17 2:57PM
 
stanleybarfield@gmail.com
Subscribed	List Import from Copy/Pasted File	
1/21/16 1:12PM	1/25/17 2:57PM
 
alpesh@bondcu.com
Subscribed	List Import from Copy/Pasted File	
1/27/16 4:51PM	1/25/17 2:57PM
 
basslofts@bhmanagement.com
Subscribed	List Import from Copy/Pasted File	
2/18/16 11:49AM	1/25/17 2:57PM
 
info@cakehag.com
Subscribed	List Import from Copy/Pasted File	
1/25/17 2:57PM	1/25/17 2:57PM
 
ansleybeach@att.net
Subscribed	List Import from Copy/Pasted File	
1/21/16 1:12PM	1/25/17 2:57PM
 
info@atmospherebistro.com
Subscribed	List Import from Copy/Pasted File	
1/21/16 1:12PM	1/25/17 2:57PM
 
tami@bindersart.com
Subscribed	List Import from Copy/Pasted File	
1/21/16 1:12PM	1/25/17 2:57PM
 
TJeffery@camdenliving.com
Subscribed	List Import from Copy/Pasted File	
1/21/16 1:12PM	1/25/17 2:57PM
 
marisa@ctrxhs.com
Subscribed	List Import from Copy/Pasted File	
1/21/16 1:12PM	1/25/17 2:57PM
 
jennifer@dakotajs.net
Subscribed	List Import from Copy/Pasted File	
1/21/16 1:12PM	1/25/17 2:57PM
 
cyndim74@gmail.com
Subscribed	List Import from Copy/Pasted File	
1/21/16 1:12PM	1/25/17 2:57PM
 
goincoastal@live.com
Subscribed	List Import from Copy/Pasted File	
1/21/16 1:12PM	1/25/17 2:57PM
 
sifuanne@highlandmartialarts.com
Subscribed	List Import from Copy/Pasted File	
1/21/16 1:12PM	1/25/17 2:57PM
 
craig@bondcu.com
Subscribed	List Import from Copy/Pasted File	
1/27/16 4:51PM	1/25/17 2:57PM
 
carrie@calliesbiscuits.com
Subscribed	List Import from Copy/Pasted File	
2/18/16 11:49AM	1/25/17 2:57PM
 
whatwouldelmyrdrink@gmail.com
Subscribed	List Import from Copy/Pasted File	
1/25/17 2:57PM	1/25/17 2:57PM
 
cafediem3@yahoo.com
Subscribed	List Import from Copy/Pasted File	
1/21/16 1:12PM	1/25/17 2:57PM
 
dkeiger@aol.com
Subscribed	List Import from Copy/Pasted File	
1/21/16 1:12PM	1/25/17 2:57PM
 
bishopscoffeeandtea@yahoo.com
Subscribed	List Import from Copy/Pasted File	
1/21/16 1:12PM	1/25/17 2:57PM
 
gmcameli@gmail.com
Subscribed	List Import from Copy/Pasted File	
1/21/16 1:12PM	1/25/17 2:57PM
 
condesacoffee@gmail.com
Subscribed	List Import from Copy/Pasted File	
1/21/16 1:12PM	1/25/17 2:57PM
 
cstrong@greenolivemedia.com
Subscribed	List Import from Copy/Pasted File	
1/21/16 1:12PM	1/25/17 2:57PM
 
downtownkitchen@aol.com
Subscribed	List Import from Copy/Pasted File	
1/21/16 1:12PM	1/25/17 2:57PM
 
boogalouatl@gmail.com
Subscribed	List Import from Copy/Pasted File	
2/18/16 11:49AM	1/25/17 2:57PM
 
ensoleasing@lincolnapts.com
Subscribed	List Import from Copy/Pasted File	
1/25/17 2:57PM	1/25/17 2:57PM
 
shanykelly@hotmail.com
Subscribed	List Import from Copy/Pasted File	
1/21/16 1:12PM	1/25/17 2:57PM
 
shop@blablakids.com
Subscribed	List Import from Copy/Pasted File	
1/21/16 1:12PM	1/25/17 2:57PM
 
jennifer@cameoatlanta.com
Subscribed	List Import from Copy/Pasted File	
1/21/16 1:12PM	1/25/17 2:57PM
 
yusef@cookswarehouse.com
Subscribed	List Import from Copy/Pasted File	
1/21/16 1:12PM	1/25/17 2:57PM
 
desperatehousewares@yahoo.com
Subscribed	List Import from Copy/Pasted File	
1/21/16 1:12PM	1/25/17 2:57PM
 
doug@framingbydesign.com
Subscribed	List Import from Copy/Pasted File	
1/21/16 1:12PM	1/25/17 2:57PM
 
president@gpna.org
Subscribed	List Import from Copy/Pasted File	
1/21/16 1:12PM	1/25/17 2:57PM
 
josh@gunshowatl.com
Subscribed	List Import from Copy/Pasted File	
1/27/16 4:51PM	1/25/17 2:57PM
 
info@gownsfitforaqueen.com
Subscribed	List Import from Copy/Pasted File	
1/25/17 2:57PM	1/25/17 2:57PM
 
erin@ardensgarden.com
Subscribed	List Import from Copy/Pasted File	
1/21/16 1:12PM	1/25/17 2:57PM
 
BadaBingsAtl@gmail.com
Subscribed	List Import from Copy/Pasted File	
1/21/16 1:12PM	1/25/17 2:57PM
 
lebooze300@yahoo.com
Subscribed	List Import from Copy/Pasted File	
1/21/16 1:12PM	1/25/17 2:57PM
 
maureen.kalmanson@gmail.com
Subscribed	List Import from Copy/Pasted File	
1/21/16 1:12PM	1/25/17 2:57PM
 
joanne@cookswarehouse.com
Subscribed	List Import from Copy/Pasted File	
1/21/16 1:12PM	1/25/17 2:57PM
 
justin@dieselatlanta.com
Subscribed	List Import from Copy/Pasted File	
1/21/16 1:12PM	1/25/17 2:57PM
 
economicdevelopment@gpna.org
Subscribed	List Import from Copy/Pasted File	
1/21/16 1:12PM	1/25/17 2:57PM
 
blogue@boccalupoatl.com
Subscribed	List Import from Copy/Pasted File	
1/21/16 1:12PM	1/25/17 2:57PM
 
stinsley@cantoni.com
Subscribed	List Import from Copy/Pasted File	
1/21/16 1:12PM	1/25/17 2:57PM
 
mary@cookswarehouse.com
Subscribed	List Import from Copy/Pasted File	
1/21/16 1:12PM	1/25/17 2:57PM
 
info@dipndab.com
Subscribed	List Import from Copy/Pasted File	
1/21/16 1:12PM	1/25/17 2:57PM
 
covington404@gmail.com
Subscribed	List Import from Copy/Pasted File	
1/21/16 1:12PM	1/25/17 2:57PM
 
clairepdlgreens@yahoo.com
Subscribed	List Import from Copy/Pasted File	
1/21/16 1:12PM	1/25/17 2:57PM
 
mgrparkside@amli.com
Subscribed	List Import from Copy/Pasted File	
2/18/16 11:49AM	1/25/17 2:57PM
 
arwen@arteeni.com
Subscribed	List Import from Copy/Pasted File	
1/21/16 1:12PM	1/25/17 2:57PM
View  

New Segment
Email Address	First Name	Last Name	Tags	Email Marketing	Source	Contact Rating	Date Added	Last Changed
 
jlee@integral-online.com
Jamie	Lee		Subscribed	List Import from Copy/Pasted File	
1/21/16 1:12PM	1/25/17 2:57PM
 
jonmarion@gmail.com
Subscribed	List Import from Copy/Pasted File	
1/21/16 1:12PM	1/25/17 2:57PM
 
dripatl@hotmail.com
Subscribed	List Import from Copy/Pasted File	
1/21/16 1:12PM	1/25/17 2:57PM
 
yhon@frogsmidtown.com
Subscribed	List Import from Copy/Pasted File	
1/21/16 1:12PM	1/25/17 2:57PM
 
info@billhallman.com
Subscribed	List Import from Copy/Pasted File	
2/18/16 11:49AM	1/25/17 2:57PM
 
alicia@augustinesatlanta.com
Alicia	Bustos		Subscribed	Admin Add	
1/23/17 2:07PM	1/25/17 2:57PM
 
tim@agaverestaurant.com
Subscribed	List Import from Copy/Pasted File	
1/21/16 1:12PM	1/25/17 2:57PM
 
rachaelabt@gmail.com
Subscribed	List Import from Copy/Pasted File	
1/21/16 1:12PM	1/25/17 2:57PM
 
janine@alons.com
Subscribed	List Import from Copy/Pasted File	
1/21/16 1:12PM	1/25/17 2:57PM
 
71lindbergh@gmail.com
Subscribed	List Import from Copy/Pasted File	
1/25/17 2:57PM	1/25/17 2:57PM
 
251northmgr@lincolnapts.com
Subscribed	List Import from Copy/Pasted File	
1/21/16 1:12PM	1/25/17 2:57PM
 
alon@alons.com
Subscribed	List Import from Copy/Pasted File	
1/21/16 1:12PM	1/25/17 2:57PM
 
sarahpierre@3parkswine.com
Subscribed	List Import from Copy/Pasted File	
1/21/16 1:12PM	1/25/17 2:57PM
 
marci@american-roadhouse.com
Subscribed	List Import from Copy/Pasted File	
1/21/16 1:12PM	1/25/17 2:57PM
 
42degrees.atlanta@gmail.com
Subscribed	List Import from Copy/Pasted File	
1/21/16 1:12PM	1/25/17 2:57PM
 
nrhoney@comcast.net
Subscribed	List Import from Copy/Pasted File	
1/21/16 1:12PM	1/25/17 2:57PM
 
jlettice@gmail.com
Subscribed	List Import from Copy/Pasted File	
1/21/16 1:12PM	1/25/17 2:57PM
 
old4thward@amli.com
Subscribed	List Import from Copy/Pasted File	
1/21/16 1:12PM	1/25/17 2:57PM
 
450piedmontmgr@greystar.com
Subscribed	List Import from Copy/Pasted File	
1/21/16 1:12PM	1/25/17 2:57PM
 
jmcginnity@perennialproperties.net
Subscribed	List Import from Copy/Pasted File	
1/21/16 1:12PM	1/25/17 2:57PM
 
info@acappellabooks.com
Subscribed	List Import from Copy/Pasted File	
1/21/16 1:12PM	1/25/17 2:57PM
 
bellstreetburritos@gmail.com
Matt	Hinton		Subscribed	Admin Add	
1/23/17 2:08PM	1/23/17 2:08PM
 
manager@alexanonkrog.com
Joseph	Lehmuth		Subscribed	List Import from Copy/Pasted File	
1/21/16 1:12PM	1/23/17 2:08PM
 
michelle@mvomarketing.com
Michelle	Lawrence		Subscribed	Admin Add	
1/23/17 2:07PM	1/23/17 2:07PM
 
david@toogroovy.net
Cleaned	List Import from Copy/Pasted File	
2/18/16 11:49AM	2/19/16 4:07PM
 
George.krauth@Jamestownlp.com
Unsubscribed	List Import from Copy/Pasted File	
1/27/16 4:51PM	2/19/16 3:41PM
 
gordon@limerickjunction.com
Subscribed	List Import from Copy/Pasted File	
2/18/16 11:49AM	2/18/16 11:49AM
 
relishsalon@gmail.com
Unsubscribed	List Import from Copy/Pasted File	
1/21/16 1:12PM	2/10/16 12:13PM
 
SULU.JAFFER@GMAIL.COM
Unsubscribed	List Import from Copy/Pasted File	
1/21/16 1:12PM	2/10/16 12:07PM
 
pete@pleaserock.com
Subscribed	List Import from Copy/Pasted File	
1/27/16 4:51PM	2/10/16 11:05AM
 
c3Jewelry@aol.com
Unsubscribed	List Import from Copy/Pasted File	
1/21/16 1:12PM	2/5/16 11:00AM
 
cbagby@highlandwoodworking.com
Unsubscribed	List Import from Copy/Pasted File	
1/21/16 1:12PM	2/4/16 6:24PM
 
gewheat@comcast.net
Greg	Wheat (Midtown Butcher Shoppe)		Unsubscribed	Admin Add	
1/22/16 9:58AM	2/4/16 4:23PM
 
alex@grindhouseburgers.com
Unsubscribed	List Import from Copy/Pasted File	
1/21/16 1:12PM	2/4/16 2:41PM
 
beth@310rosemont.com
Cleaned	List Import from Copy/Pasted File	
1/27/16 4:51PM	2/4/16 2:40PM
 
solcaterer@gmail.com
Unsubscribed	List Import from Copy/Pasted File	
1/21/16 1:12PM	2/4/16 2:39PM
 
breadgarden302@bellsouth.net
Subscribed	List Import from Copy/Pasted File	
1/27/16 4:51PM	1/27/16 4:51PM
 
intowntumbling@gmail.com
Subscribed	List Import from Copy/Pasted File	
1/27/16 4:51PM	1/27/16 4:51PM
 
francis@islandflowersatlanta.com
Subscribed	List Import from Copy/Pasted File	
1/27/16 4:51PM	1/27/16 4:51PM
 
kim@310rosemont.com
Subscribed	List Import from Copy/Pasted File	
1/27/16 4:51PM	1/27/16 4:51PM
 
leigh@310rosemont.com
Subscribed	List Import from Copy/Pasted File	
1/27/16 4:51PM	1/27/16 4:51PM
 
jessica@310rosemont.com
Subscribed	List Import from Copy/Pasted File	
1/27/16 4:51PM	1/27/16 4:51PM
 
concierge@tothetradeonly.com
Barbara	English		Subscribed	Admin Add	
1/26/16 2:45PM	1/26/16 2:45PM
 
djbender@gmail.com
Unsubscribed	List Import from Copy/Pasted File	
1/21/16 1:12PM	1/26/16 2:25PM
 
bd1025@hotmail.com
Cleaned	List Import from Copy/Pasted File	
1/21/16 1:12PM	1/26/16 2:10PM
 
tstokes@epicity.com
Unsubscribed	List Import from Copy/Pasted File	
1/21/16 1:12PM	1/26/16 1:58PM
 
meredith.ford@h2sr.com
Cleaned	List Import from Copy/Pasted File	
1/21/16 1:12PM	1/26/16 1:56PM
 
marissa@ctrxhs.com
Cleaned	List Import from Copy/Pasted File	
1/21/16 1:12PM	1/26/16 1:56PM
 
irby@perennialproperties.net
Cleaned	List Import from Copy/Pasted File	
1/21/16 1:12PM	1/26/16 1:56PM
 
jenni@sixfeetunder.net
Cleaned	List Import from Copy/Pasted File	
1/21/16 1:12PM	1/26/16 1:56PM
 
ssmithl@camdenliving.com
Cleaned	List Import from Copy/Pasted File	
1/21/16 1:12PM	1/26/16 1:56PM
 
cbarrientos@perennialproperties.net
Cleaned	List Import from Copy/Pasted File	
1/21/16 1:12PM	1/26/16 1:56PM
 
frankreiss@acappellabooks.com
Cleaned	List Import from Copy/Pasted File	
1/21/16 1:12PM	1/26/16 1:56PM
 
heather@tinlizzyscantina.com
Cleaned	List Import from Copy/Pasted File	
1/21/16 1:12PM	1/26/16 1:56PM
 
chris@7stages.org
Cleaned	List Import from Copy/Pasted File	
1/21/16 1:12PM	1/26/16 1:56PM
 
obsandage@yahoo.com
Cleaned	List Import from Copy/Pasted File	
1/21/16 1:12PM	1/26/16 1:56PM
 
apierpont@firstcommunities.com
Cleaned	List Import from Copy/Pasted File	
1/21/16 1:12PM	1/26/16 1:56PM
 
peter.pliska@naturalbody.com
Peter	Pliska		Cleaned	Admin Add	
1/22/16 9:54AM	1/26/16 1:56PM
 
cbates@ctrxhs.com
Cleaned	List Import from Copy/Pasted File	
1/21/16 1:12PM	1/26/16 1:56PM
 
kirby@perennialproperties.net
Cleaned	List Import from Copy/Pasted File	
1/21/16 1:12PM	1/26/16 1:56PM
 
michaellennox@ladybirdatlanta.com
Cleaned	List Import from Copy/Pasted File	
1/21/16 1:12PM	1/26/16 1:56PM
 
culturalaccents1154@gmail.com
Cleaned	List Import from Copy/Pasted File	
1/21/16 1:12PM	1/26/16 1:56PM
 
srosenberg@perennialproperties.net
Cleaned	List Import from Copy/Pasted File	
1/21/16 1:12PM	1/26/16 1:56PM
 
info@intownace.com
Cleaned	List Import from Copy/Pasted File	
1/21/16 1:12PM	1/26/16 1:56PM
 
maxk@7stages.org
Cleaned	List Import from Copy/Pasted File	
1/21/16 1:12PM	1/26/16 1:56PM
 
bree@360media.net
Cleaned	List Import from Copy/Pasted File	
1/21/16 1:12PM	1/26/16 1:56PM
 
mgriq@tribridgeres.com
Unsubscribed	List Import from Copy/Pasted File	
1/21/16 1:12PM	1/26/16 1:53PM
 
ken@tothetradeonly.com
Ken	Murphy		Subscribed	Admin Add	
1/26/16 1:49PM	1/26/16 1:49PM
 
matt@dbabbq.com
Matt	Coggin		Subscribed	Admin Add	
1/22/16 9:54AM	1/22/16 9:54AM
 
heath.thealbert@gmail.com
Subscribed	List Import from Copy/Pasted File	
1/21/16 1:12PM	1/21/16 1:12PM
 
beth@theindie-pendent.com
Subscribed	List Import from Copy/Pasted File	
1/21/16 1:12PM	1/21/16 1:12PM
 
lisa@showcaseinc.com
Subscribed	List Import from Copy/Pasted File	
1/21/16 1:12PM	1/21/16 1:12PM
 
john@showcaseinc.com
Subscribed	List Import from Copy/Pasted File	
1/21/16 1:12PM	1/21/16 1:12PM
 
sfierman@fifthgroup.com
Subscribed	List Import from Copy/Pasted File	
1/21/16 1:12PM	1/21/16 1:12PM
 
Blake@gunshowatl.com
Subscribed	List Import from Copy/Pasted File	
1/21/16 1:12PM	1/21/16 1:12PM
 
david@genkiatl.com
Subscribed	List Import from Copy/Pasted File	
1/21/16 1:12PM	1/21/16 1:12PM
 
henryandjuneatl@gmail.com
Subscribed	List Import from Copy/Pasted File	
1/21/16 1:12PM	1/21/16 1:12PM
 
pammajors@bellsouth.net
Subscribed	List Import from Copy/Pasted File	
1/21/16 1:12PM	1/21/16 1:12PM
 
ben@westeggcafe.com
Subscribed	List Import from Copy/Pasted File	
1/21/16 1:12PM	1/21/16 1:12PM
 
csanjurjo@integral-online.com
Subscribed	List Import from Copy/Pasted File	
1/21/16 1:12PM	1/21/16 1:12PM
 
walker_m@mercer.edu
Subscribed	List Import from Copy/Pasted File	
1/21/16 1:12PM	1/21/16 1:12PM
 
bangonshirts@gmail.com
Subscribed	List Import from Copy/Pasted File	
1/21/16 1:12PM	1/21/16 1:12PM
 
custombangon@gmail.com
Subscribed	List Import from Copy/Pasted File	
1/21/16 1:12PM	1/21/16 1:12PM
 
131poncemgr@greystar.com
Subscribed	List Import from Copy/Pasted File	
1/21/16 1:12PM	1/21/16 1:12PM
 
sotey@greystar.com
Subscribed	List Import from Copy/Pasted File	
1/21/16 1:12PM	1/21/16 1:12PM
 
marketing@coolshoes.com
Subscribed	List Import from Copy/Pasted File	
1/21/16 1:12PM	1/21/16 1:12PM
 
bill@coolshoes.com
Subscribed	List Import from Copy/Pasted File	
1/21/16 1:12PM	1/21/16 1:12PM
 
christine@coolshoes.com
Subscribed	List Import from Copy/Pasted File	
1/21/16 1:12PM	1/21/16 1:12PM
View  

